{"graph": {"_type": "graph-file", "path": "media/graph/graph_summary_eb6b9beb.graph.json", "sha256": "eb6b9beb20e996550af4deac1fe44340394f036450abf11eece6b147dcfe720f", "size": 1196}, "_runtime": 63.176207304000854, "_timestamp": 1596079144.1726284, "mse": 449.2636413574219, "val_mse": 258.5294494628906, "mae": 19.323686599731445, "val_loss": 258.5294494628906, "_step": 0, "val_mae": 13.526686668395996, "loss": 449.2636413574219, "epoch": 0, "best_val_loss": 258.5294494628906}
