{"graph": {"_type": "graph-file", "path": "media/graph/graph_summary_d32065c5.graph.json", "sha256": "d32065c5e899c50cc053a637413389ad67bb9a28be3698bf456f369bac1b2107", "size": 1188}, "_runtime": 28.985257863998413, "_timestamp": 1596078876.4999619, "mse": 18.029460906982422, "val_mse": 19.259937286376953, "mae": 3.19862699508667, "val_loss": 19.259937286376953, "_step": 8, "val_mae": 2.980764389038086, "loss": 18.029460906982422, "epoch": 8, "best_val_loss": 22.30284881591797, "best_epoch": 5}
