{"graph": {"_type": "graph-file", "path": "media/graph/graph_summary_ea0a6da6.graph.json", "sha256": "ea0a6da654bb035fccfc6867de38fdd42c4e9af742b7dc0d22f8b34c6b48b3b6", "size": 756}, "_runtime": 376.64592719078064, "_timestamp": 1596078227.9869123, "mse": 6.074800491333008, "val_mse": 17.03388023376465, "mae": 1.8317182064056396, "val_loss": 17.03388023376465, "_step": 24, "val_mae": 2.761655569076538, "loss": 6.074800491333008, "epoch": 24, "best_val_loss": 16.242992401123047, "best_epoch": 22}
